<?xml version="1.0" encoding="UTF-8"?>

<!--
  ~ Copyright (c) 2016 Maven Protocol Buffers Plugin Authors. All rights reserved.
  ~
  ~ Licensed under the Apache License, Version 2.0 (the "License");
  ~ you may not use this file except in compliance with the License.
  ~ You may obtain a copy of the License at
  ~
  ~    http://www.apache.org/licenses/LICENSE-2.0
  ~
  ~ Unless required by applicable law or agreed to in writing, software
  ~ distributed under the License is distributed on an "AS IS" BASIS,
  ~ WITHOUT WARRANTIES OR CONDITIONS OF ANY KIND, either express or implied.
  ~ See the License for the specific language governing permissions and
  ~ limitations under the License.
  -->

<project xmlns="http://maven.apache.org/DECORATION/1.3.0"
         xmlns:xsi="http://www.w3.org/2001/XMLSchema-instance"
         xsi:schemaLocation="http://maven.apache.org/DECORATION/1.3.0 http://maven.apache.org/xsd/decoration-1.3.0.xsd">

    <body>

        <links>
            <item name="Google Protocol Buffers" href="https://github.com/google/protobuf"/>
        </links>

        <menu name="Overview">
            <item name="Introduction" href="index.html"/>
            <item name="Goals" href="plugin-info.html"/>
            <item name="Usage" href="usage.html"/>
            <item name="FAQ" href="faq.html"/>
        </menu>

        <menu name="Examples">
            <!-- TODO -->
            <item name="Protobuf Toolchain" href="examples/protobuf-toolchain.html"/>
            <item name="Protoc Artifact" href="examples/protoc-artifact.html"/>
            <item name="Custom Protoc Plugins" href="examples/protoc-plugin.html"/>
        </menu>

        <menu ref="reports"/>
    </body>
</project>
