<?xml version="1.0" encoding="UTF-8"?>

<!--
  ~ Copyright (c) 2016 Maven Protocol Buffers Plugin Authors. All rights reserved.
  ~
  ~ Licensed under the Apache License, Version 2.0 (the "License");
  ~ you may not use this file except in compliance with the License.
  ~ You may obtain a copy of the License at
  ~
  ~    http://www.apache.org/licenses/LICENSE-2.0
  ~
  ~ Unless required by applicable law or agreed to in writing, software
  ~ distributed under the License is distributed on an "AS IS" BASIS,
  ~ WITHOUT WARRANTIES OR CONDITIONS OF ANY KIND, either express or implied.
  ~ See the License for the specific language governing permissions and
  ~ limitations under the License.
  -->

<lifecycleMappingMetadata>
    <pluginExecutions>
        <pluginExecution>
            <pluginExecutionFilter>
                <goals>
                    <goal>compile</goal>
                    <goal>test-compile</goal>
                    <goal>compile-cpp</goal>
                    <goal>test-compile-cpp</goal>
                    <goal>compile-python</goal>
                    <goal>test-compile-python</goal>
                    <goal>compile-custom</goal>
                    <goal>test-compile-custom</goal>
                    <goal>compile-javanano</goal>
                    <goal>test-compile-javanano</goal>
                </goals>
            </pluginExecutionFilter>
            <action>
                <execute>
                    <runOnIncremental>true</runOnIncremental>
                    <runOnConfiguration>true</runOnConfiguration>
                </execute>
            </action>
        </pluginExecution>
    </pluginExecutions>
</lifecycleMappingMetadata>
