<?xml version="1.0" encoding="UTF-8"?>

<!--
  ~ Copyright (c) 2018 Maven Protocol Buffers Plugin Authors. All rights reserved.
  ~
  ~ Licensed under the Apache License, Version 2.0 (the "License");
  ~ you may not use this file except in compliance with the License.
  ~ You may obtain a copy of the License at
  ~
  ~    http://www.apache.org/licenses/LICENSE-2.0
  ~
  ~ Unless required by applicable law or agreed to in writing, software
  ~ distributed under the License is distributed on an "AS IS" BASIS,
  ~ WITHOUT WARRANTIES OR CONDITIONS OF ANY KIND, either express or implied.
  ~ See the License for the specific language governing permissions and
  ~ limitations under the License.
  -->

<toolchains>
    <toolchain>
        <type>jdk</type>
        <provides>
            <version>1.8</version>
            <vendor>OpenJDK</vendor>
            <id>openjdk8</id>
        </provides>
        <configuration>
            <jdkHome>C:/Program Files/Java/jdk1.8.0</jdkHome>
        </configuration>
    </toolchain>
    <toolchain>
        <type>jdk</type>
        <provides>
            <version>1.6</version>
            <vendor>OpenJDK</vendor>
            <id>openjdk6</id>
        </provides>
        <configuration>
            <jdkHome>C:/Program Files/Java/jdk1.6.0</jdkHome>
        </configuration>
    </toolchain>
    <toolchain>
        <type>protobuf</type>
        <provides>
            <version>3.4.0</version>
        </provides>
        <configuration>
            <protocExecutable>
                C:/Users/appveyor/.m2/repository/com/google/protobuf/protoc/3.4.0/protoc-3.4.0-windows-x86_64.exe
            </protocExecutable>
        </configuration>
    </toolchain>
    <toolchain>
        <type>protobuf</type>
        <provides>
            <version>3.5.1</version>
        </provides>
        <configuration>
            <protocExecutable>
                C:/Users/appveyor/.m2/repository/com/google/protobuf/protoc/3.5.1/protoc-3.5.1-windows-x86_64.exe
            </protocExecutable>
        </configuration>
    </toolchain>
</toolchains>
