<?xml version="1.0" encoding="UTF-8"?>

<!--
  ~ Copyright (c) 2016 Maven Protocol Buffers Plugin Authors. All rights reserved.
  ~
  ~ Licensed under the Apache License, Version 2.0 (the "License");
  ~ you may not use this file except in compliance with the License.
  ~ You may obtain a copy of the License at
  ~
  ~    http://www.apache.org/licenses/LICENSE-2.0
  ~
  ~ Unless required by applicable law or agreed to in writing, software
  ~ distributed under the License is distributed on an "AS IS" BASIS,
  ~ WITHOUT WARRANTIES OR CONDITIONS OF ANY KIND, either express or implied.
  ~ See the License for the specific language governing permissions and
  ~ limitations under the License.
  -->

<document xmlns="http://maven.apache.org/changes/1.0.0"
          xmlns:xsi="http://www.w3.org/2001/XMLSchema-instance"
          xsi:schemaLocation="http://maven.apache.org/changes/1.0.0
                              http://maven.apache.org/xsd/changes-1.0.0.xsd">

    <body>

        <release version="0.5.0" date="2016-01-28" description="Rebranding">
            <action dev="sergei-ivanov" type="add">
                Added licence and copyright information and prepared for the first release into Maven Central.
            </action>
            <action dev="sergei-ivanov" type="update">
                Renamed project coordinates and java packages.
            </action>
            <action dev="sergei-ivanov" type="remove">
                Obsolete goal 'testCompile' has been removed.
            </action>
        </release>

        <release version="0.4.4" date="2015-12-21" description="Additional protoc options">
            <action dev="sergei-ivanov" type="add" issue="39" due-to="Alexander Torstling (atorstling)">
                Added support for including source info in descriptor sets.
            </action>
        </release>

        <release version="0.4.3" date="2015-09-20" description="Support for JavaNano, minor changes">
            <action dev="sergei-ivanov" type="add" issue="38" due-to="Marek Kedzierski (kedzie)">
                Added support for JavaNano generator (requires protobuf compiler version 3 or above).
            </action>
        </release>

        <release version="0.4.2" date="2015-04-29" description="Bug fixes">
            <action dev="sergei-ivanov" type="fix" issue="34">
                Made the order of imports predictable and matching the order of dependencies.
            </action>
            <action dev="sergei-ivanov" type="fix">
                Fixed release configuration.
            </action>
        </release>

        <release version="0.4.1" date="2015-04-27" description="Support for native protoc plugins">
            <action dev="sergei-ivanov" type="add" issue="33">
                Added an option to download protoc binary artifact from Maven repo.
            </action>
            <action dev="sergei-ivanov" type="add" issue="21">
                Generated descriptor set can be attached to the build.
            </action>
            <action dev="sergei-ivanov" type="add" issue="30">
                Added new goals to use custom native protoc plugins.
            </action>
            <action dev="sergei-ivanov" type="add" issue="32">
                Added new parameter 'attachProtoSources', which controls whether the source protobuf files
                are attached to the build and included into the final artifact.
            </action>
        </release>

        <release version="0.4.0" date="2015-03-11" description="Support for C++ and Python, Java 6, Maven 3">
            <action dev="sergei-ivanov" type="fix" issue="25">
                Fixed toolchain support that was broken by incompatible changes in Maven 3.2.5.
            </action>
            <action dev="sergei-ivanov" type="update" issue="27">
                Maven 3.0 is now a minimum required version for running the plugin.
            </action>
            <action dev="sergei-ivanov" type="update" issue="26">
                Java 1.6 is now a minimum required version for running the plugin.
            </action>
            <action dev="sergei-ivanov" type="add" issue="19" due-to="abatalev">
                A new option to suppress clearing of the output directory.
            </action>
            <action dev="sergei-ivanov" type="add" issue="5">
                Added new goals to generate C++ and Python sources from protobuf definitions.
            </action>
            <action dev="sergei-ivanov" type="update">
                Goal 'testCompile' has been renamed into 'test-compile'
                (the old goal still remains for backward compatibility).
            </action>
        </release>

        <release version="0.3.2" date="2013-10-21" description="Compatibility with Maven 3.1.x">
            <action dev="sergei-ivanov" type="fix">
                Removed direct dependency on Aether library, and used injected Maven components for artifact resolution.
            </action>
            <action dev="sergei-ivanov" type="add">
                Allowed to specify classifier in java protoc plugin definition.
            </action>
            <action dev="sergei-ivanov" type="add">
                Allowed to use version range specifications in java protoc plugin definition.
            </action>
            <action dev="sergei-ivanov" type="remove">
                Removed 'scope' parameter from java protoc plugin definition.
                It has never been used, and any scope other than "runtime" is unlikely to work correctly.
            </action>
        </release>

        <release version="0.3.1" date="2013-03-05" description="Functional updates">
            <action dev="rwicke" type="add">
                Integration tests for java protoc plugins.
            </action>
            <action dev="rwicke" type="update">
                Support for running java protoc plugins on 64-bit Windows platform.
            </action>
            <action dev="sergei-ivanov" type="update" due-to="jsilland">
                Fixed integration into Eclipse lifecycle (library version conflict)
            </action>
        </release>

        <release version="0.3.0" date="2013-01-04" description="New features">
            <action dev="rwicke" type="add">
                Support for java-based plugins for protoc compiler.
            </action>
            <action dev="rwicke" type="add">
                Generation of binary descriptor sets.
            </action>
            <action dev="sergei-ivanov" type="update">
                Upgraded required Maven version to 2.2.1.
            </action>
            <action dev="sergei-ivanov" type="update">
                Updated to the latest versions of Maven plugins.
                Switched to using Java 5 Mojo annotations for plugin metadata.
            </action>
            <action dev="sergei-ivanov" type="add" due-to="Igor Petruk">
                Integration into Eclipse lifecycle (supported by M2E 1.1 and later)
            </action>
        </release>

        <release version="0.2.0" date="2011-12-12" description="Bug fixes and new features">
            <action dev="sergei-ivanov" type="add">
                Added protobuf toolchain extension for use by maven-toolchains-plugin.
                Integrated protobuf toolchain into plugin execution.
            </action>
            <action dev="sergei-ivanov" type="add">
                Additional debug logging is produced when Maven runs in verbose mode.
            </action>
            <action dev="sergei-ivanov" type="add">
                Added a suite of integration tests.
            </action>
            <action dev="sergei-ivanov" type="add">
                Created content for the Maven-generated web site.
            </action>
            <action dev="sergei-ivanov" type="fix">
                Updated documentation in source code.
            </action>
            <action dev="sergei-ivanov" type="fix">
                Updated Mojo documentation.
            </action>
            <action dev="sergei-ivanov" type="fix">
                Updated Mojo annotations for Maven3 (marked plugin as thread-safe for parallel module builds).
            </action>
            <action dev="sergei-ivanov" type="add">
                Allowed protoc executable to be specified when invoking plugin from command line.
            </action>
            <action dev="sergei-ivanov" type="add">
                Added options to suppress plugin execution.
            </action>
            <action dev="sergei-ivanov" type="fix" due-to="B. K. Oxley (binkley)">
                Enabled test protobuf definitions to import production definitions from the same module.
            </action>
            <action dev="sergei-ivanov" type="fix" due-to="Paul Nyheim (pnyheim)">
                Fixed importing protobuf definitions from other projects or modules when namespaces are used.
            </action>
        </release>

    </body>
</document>
