<?xml version="1.0" encoding="UTF-8"?>

<!--
  ~ Copyright (c) 2016 Maven Protocol Buffers Plugin Authors. All rights reserved.
  ~
  ~ Licensed under the Apache License, Version 2.0 (the "License");
  ~ you may not use this file except in compliance with the License.
  ~ You may obtain a copy of the License at
  ~
  ~    http://www.apache.org/licenses/LICENSE-2.0
  ~
  ~ Unless required by applicable law or agreed to in writing, software
  ~ distributed under the License is distributed on an "AS IS" BASIS,
  ~ WITHOUT WARRANTIES OR CONDITIONS OF ANY KIND, either express or implied.
  ~ See the License for the specific language governing permissions and
  ~ limitations under the License.
  -->

<component-set>
    <components>
        <component>
            <role>org.apache.maven.artifact.handler.ArtifactHandler</role>
            <role-hint>protobin</role-hint>
            <implementation>org.apache.maven.artifact.handler.DefaultArtifactHandler</implementation>
            <configuration>
                <extension>protobin</extension>
                <type>protobin</type>
                <packaging>protobin</packaging>
                <language>protobuf</language>
                <addedToClasspath>false</addedToClasspath>
            </configuration>
        </component>
        <component>
            <role>org.apache.maven.artifact.handler.ArtifactHandler</role>
            <role-hint>test-protobin</role-hint>
            <implementation>org.apache.maven.artifact.handler.DefaultArtifactHandler</implementation>
            <configuration>
                <classifier>test</classifier>
                <extension>protobin</extension>
                <type>test-protobin</type>
                <packaging>protobin</packaging>
                <language>protobuf</language>
                <addedToClasspath>false</addedToClasspath>
            </configuration>
        </component>
    </components>
</component-set>
